district_code,state_name,district_name,population,male,female,literate,workers,households,households_with_internet,households_with_electric_lighting,urban_households,rural_households,households_with_computer,lpg_or_png_households
1,JAMMU AND KASHMIR,Kupwara,870354,474190,396164,439654,229064,181664,762,83071,23226,158438,5256,15828
2,JAMMU AND KASHMIR,Badgam,753745,398041,355704,335649,214866,187839,1999,90190,27190,160649,5892,15118
3,JAMMU AND KASHMIR,Leh(Ladakh),133487,78971,54516,93770,75079,54394,574,17250,17474,36920,2150,13645
4,JAMMU AND KASHMIR,Kargil,140802,77785,63017,86236,51873,48144,235,15824,7774,40370,1005,3285
5,JAMMU AND KASHMIR,Punch,476835,251899,224936,261724,161393,147408,346,62900,15269,132139,3342,13160
6,JAMMU AND KASHMIR,Rajouri,642415,345351,297064,364109,290912,213578,673,96012,17508,196070,6219,23946
7,JAMMU AND KASHMIR,Kathua,616435,326109,290326,389204,200431,214847,1443,109422,33473,181374,6112,32772
8,JAMMU AND KASHMIR,Baramula,1008039,534733,473306,545149,304200,259475,3698,138180,48932,210543,10645,33022
9,JAMMU AND KASHMIR,Bandipore,392232,207680,184552,185979,149317,98076,985,45469,17555,80521,3155,8868
10,JAMMU AND KASHMIR,Srinagar,1236829,651124,585705,748584,407188,262239,16413,165403,257721,4518,33831,138119
11,JAMMU AND KASHMIR,Ganderbal,297446,158720,138726,143276,100890,77346,878,38487,13558,63788,2779,10410
12,JAMMU AND KASHMIR,Pulwama,560440,293064,267376,293958,188420,169223,1537,73629,21703,147520,5293,16828
13,JAMMU AND KASHMIR,Shupiyan,266215,136480,129735,136500,87721,80888,884,35282,5272,75616,3440,3727
14,JAMMU AND KASHMIR,Anantnag,1078692,559767,518925,545532,389684,277733,2712,114899,70666,207067,8612,28984
15,JAMMU AND KASHMIR,Kulgam,424483,217620,206863,209085,159990,121130,838,47913,25178,95952,3542,4301
16,JAMMU AND KASHMIR,Doda,409936,213641,196295,219083,151912,133617,596,61831,11350,122267,3077,7963
17,JAMMU AND KASHMIR,Ramban,283713,149132,134581,124065,87212,89622,417,34243,5341,84281,2644,3982
18,JAMMU AND KASHMIR,Kishtwar,230696,120165,110531,107506,82974,78371,274,24067,5993,72378,1651,4118
19,JAMMU AND KASHMIR,Udhampur,554985,296784,258201,322354,243672,183360,1214,73999,34696,148664,5744,20008
20,JAMMU AND KASHMIR,Reasi,314667,166461,148206,150542,144767,107833,602,31588,12261,95572,2849,6552
21,JAMMU AND KASHMIR,Jammu,1529958,813821,716137,1137135,508622,502609,19905,294739,248043,254566,46657,197168
22,JAMMU AND KASHMIR,Samba,318898,169124,149774,228139,92526,114236,992,61159,19989,94247,4465,34063
23,HIMACHAL PRADESH,Chamba,519080,261320,257760,323842,294035,200231,1615,96082,13836,186395,5117,21458
24,HIMACHAL PRADESH,Kangra,1510075,750591,759484,1152640,675170,627328,8053,330081,39007,588321,22753,148361
25,HIMACHAL PRADESH,Lahul AND Spiti,31564,16588,14976,21845,19295,17434,61,5618,0,17434,252,2046
26,HIMACHAL PRADESH,Kullu,437903,225452,212451,307672,269084,188704,2623,91322,20709,167995,7010,40064
27,HIMACHAL PRADESH,Mandi,999777,498065,501712,723747,572671,462825,5333,214491,31696,431129,16401,59324
28,HIMACHAL PRADESH,Hamirpur,454768,217070,237698,358091,241931,211348,2521,104120,15232,196116,7525,34978
29,HIMACHAL PRADESH,Una,521173,263692,257481,399715,215346,205217,2412,105929,20126,185091,8238,43809
30,HIMACHAL PRADESH,Bilaspur,381956,192764,189192,287620,205871,164445,1574,79146,11987,152458,6281,17262
31,HIMACHAL PRADESH,Solan,580320,308754,271566,428578,298737,244296,5250,119866,51509,192787,14478,53722
32,HIMACHAL PRADESH,Sirmaur,529855,276289,253566,362645,280083,192156,2220,91509,21054,171102,8593,28904
33,HIMACHAL PRADESH,Shimla,814010,425039,388971,612642,430926,375165,9177,172754,95896,279269,24127,108888
34,HIMACHAL PRADESH,Kinnaur,84121,46249,37872,60699,56273,44514,354,17865,0,44514,2563,10740
35,PUNJAB,Gurdaspur,2298323,1212617,1085706,1634719,757138,606348,14428,411216,185488,420860,38445,244468
36,PUNJAB,Kapurthala,815168,426311,388857,576567,284165,261203,9732,161206,95770,165433,23145,110555
37,PUNJAB,Jalandhar,2193590,1145211,1048379,1622537,774472,708130,39082,446200,377791,330339,79134,299449
38,PUNJAB,Hoshiarpur,1586625,809057,777568,1199699,499822,551265,13747,319930,128592,422673,34328,201675
39,PUNJAB,Shahid Bhagat Singh Nagar,612310,313291,299019,438459,204329,231551,5264,125068,48383,183168,13936,64934
40,PUNJAB,Fatehgarh Sahib,600163,320795,279368,426033,214783,174896,5138,113683,57337,117559,14294,64037
41,PUNJAB,Ludhiana,3498739,1867816,1630923,2560225,1284822,1036821,58589,703624,641789,395032,123400,488757
42,PUNJAB,Moga,995746,525920,469826,627889,359172,288439,7897,183396,74144,214295,21662,89445
43,PUNJAB,Firozpur,2029074,1071637,957437,1227511,756695,502390,10042,349662,153868,348522,31070,141899
44,PUNJAB,Muktsar,901896,475622,426274,524848,335326,224157,4571,166585,74650,149507,14077,76441
45,PUNJAB,Faridkot,617508,326671,290837,381285,221555,158863,4348,113549,58917,99946,12276,62103
46,PUNJAB,Bathinda,1388525,743197,645328,844868,549986,355722,11284,255650,137563,218159,32253,118427
47,PUNJAB,Mansa,769751,408732,361019,423560,328512,196389,2673,140099,50786,145603,10085,39414
48,PUNJAB,Patiala,1895686,1002522,893164,1266791,660267,517369,24274,352929,218090,299279,55105,209192
49,PUNJAB,Amritsar,2490656,1318408,1172248,1684770,917856,660953,29961,461231,385476,275477,63864,279993
50,PUNJAB,Tarn Taran,1119627,589369,530258,666162,380702,267174,4300,186599,44457,222717,13102,73958
51,PUNJAB,Rupnagar,684627,357485,327142,502731,233676,208699,6600,129123,60537,148162,17542,67749
52,PUNJAB,Sahibzada Ajit Singh Nagar,994628,529253,465375,736575,355995,291335,25944,191578,174042,117293,50857,131701
53,PUNJAB,Sangrur,1655169,878029,777140,1002077,568758,448944,10736,305557,156788,292156,30955,135280
54,PUNJAB,Barnala,595527,317522,278005,359831,209331,156799,3501,108908,54222,102577,10566,50276
55,CHANDIGARH,Chandigarh,1055450,580663,474787,805438,404136,298367,44283,231204,289456,8911,78113,168344
56,UTTARAKHAND,Uttarkashi,330086,168597,161489,215126,157276,121209,602,52621,9061,112148,4104,21374
57,UTTARAKHAND,Chamoli,391605,193991,197614,280556,180940,186340,899,71524,22906,163434,5582,27853
58,UTTARAKHAND,Rudraprayag,242285,114589,127696,170933,113032,117159,418,49182,4454,112705,3082,19859
59,UTTARAKHAND,Tehri Garhwal,618931,297986,320945,407994,280442,254236,1366,117239,27177,227059,7831,50929
60,UTTARAKHAND,Dehradun,1696694,892199,804495,1259506,582768,497638,25862,310726,269393,228245,71199,233705
61,UTTARAKHAND,Garhwal,687271,326829,360442,494889,274152,316462,2633,143963,36780,279682,12670,70551
62,UTTARAKHAND,Pithoragarh,483439,239306,244133,345550,216490,209943,1344,95421,26256,183687,7932,45365
63,UTTARAKHAND,Bageshwar,259898,124326,135572,179483,123638,99911,435,47083,3880,96031,3595,13352
64,UTTARAKHAND,Almora,622506,291081,331425,436497,298211,281138,1830,109876,21082,260056,9858,40199
65,UTTARAKHAND,Champawat,259648,131125,128523,177726,99566,98041,548,37725,12839,85202,3159,18785
66,UTTARAKHAND,Nainital,954605,493666,460939,696500,376181,298663,7265,169001,105577,193086,26270,99021
67,UTTARAKHAND,Udham Singh Nagar,1648902,858783,790119,1037839,591458,414659,7883,254802,145253,269406,28053,116576
68,UTTARAKHAND,Hardwar,1890422,1005295,885127,1178354,578121,488011,11947,279012,186183,301828,35023,125717
69,HARYANA,Panchkula,561293,299679,261614,405318,211479,164551,18615,103455,93656,70895,32174,69687
70,HARYANA,Ambala,1128350,598703,529647,818025,372139,315256,12899,199681,139891,175365,32767,121622
71,HARYANA,Yamunanagar,1214205,646718,567487,832457,389233,357723,8079,217503,143259,214464,25129,109080
72,HARYANA,Kurukshetra,964655,510976,453679,646893,336780,291821,7356,171908,88268,203553,21951,90150
73,HARYANA,Kaithal,1074304,571003,503301,646529,373899,306787,3724,187349,75696,231091,15301,62668
74,HARYANA,Karnal,1505324,797712,707612,978013,516062,428602,11163,267223,135920,292682,29253,143133
75,HARYANA,Panipat,1205437,646857,558580,786599,412318,327306,10024,209965,153804,173502,26719,121846
76,HARYANA,Sonipat,1450001,781299,668702,998316,523179,417434,9029,253054,133576,283858,30697,126009
77,HARYANA,Jind,1334152,713006,621146,832758,523422,368000,5263,222462,89665,278335,23750,78386
78,HARYANA,Fatehabad,942011,495360,446651,557578,369083,258380,3210,153301,55360,203020,13142,51693
79,HARYANA,Sirsa,1295189,682582,612607,782897,502003,338792,6287,215527,93316,245476,22706,70538
80,HARYANA,Hisar,1743931,931562,812369,1114311,691621,456126,10132,285004,154113,302013,33400,110495
81,HARYANA,Bhiwani,1634445,866672,767773,1069871,623006,456282,5292,266244,99235,357047,25236,88938
82,HARYANA,Rohtak,1061204,568479,492725,747582,345967,306942,8482,193120,131739,175203,27225,94633
83,HARYANA,Jhajjar,958405,514667,443738,676091,326534,290144,5034,168558,78328,211816,19241,70149
84,HARYANA,Mahendragarh,922088,486665,435423,630255,338584,267942,2624,135455,44216,223726,13908,45359
85,HARYANA,Rewari,900332,474335,425997,636947,337727,268754,5121,152651,69305,199449,18092,62667
86,HARYANA,Gurgaon,1514432,816690,697742,1111116,544716,523691,67087,305751,381988,141703,102343,238359
87,HARYANA,Mewat,1089263,571162,518101,454897,289964,223635,935,96309,36237,187398,10499,15593
88,HARYANA,Faridabad,1809733,966110,843623,1272739,579229,470681,43437,333171,382981,87700,82673,258422
89,HARYANA,Palwal,1042708,554497,488211,599796,309563,249159,4283,132606,63090,186069,16736,46498
90,NCT OF DELHI,North West,3656539,1960922,1695617,2707855,1188545,1026867,114044,720900,959275,67592,188876,625662
91,NCT OF DELHI,North,887978,475002,412976,681517,296446,301071,21418,174310,296559,4512,40543,161067
92,NCT OF DELHI,North East,2241624,1188425,1053199,1611588,661386,487581,30390,391951,482255,5326,69417,356769
93,NCT OF DELHI,East,1709346,907500,801846,1352998,579692,462218,80037,352758,461132,1086,127465,327253
94,NCT OF DELHI,New Delhi,142004,77942,64062,114179,59541,52664,7366,30023,52664,0,11948,26681
95,NCT OF DELHI,Central,582320,307821,274499,442360,207374,194897,19724,113399,194897,0,30627,101826
96,NCT OF DELHI,West,2543243,1356240,1187003,1961179,874320,701512,109666,520282,699703,1809,171002,475985
97,NCT OF DELHI,South West,2292958,1246046,1046912,1787689,795352,647682,94853,457784,606503,41179,156635,423855
98,NCT OF DELHI,South,2731929,1467428,1264501,2078402,924393,731063,111453,549402,728145,2918,176435,504898
99,RAJASTHAN,Ganganagar,1969168,1043340,925828,1193343,912672,562594,6295,283142,164897,397697,24901,88543
100,RAJASTHAN,Hanumangarh,1774692,931184,843508,1034136,835260,497753,3360,243163,108694,389059,16217,55515
101,RAJASTHAN,Bikaner,2363937,1240801,1123136,1278801,986208,531933,7607,220793,196179,335754,29531,108812
102,RAJASTHAN,Churu,2039547,1051446,988101,1149269,902829,493893,2577,231696,148996,344897,15259,74197
103,RAJASTHAN,Jhunjhunun,2137045,1095896,1041149,1370360,894649,650809,4828,297559,150357,500452,24178,131987
104,RAJASTHAN,Alwar,3674179,1939026,1735153,2182476,1708542,995261,9750,485723,212967,782294,45770,123478
105,RAJASTHAN,Bharatpur,2548462,1355726,1192736,1480869,1071154,609134,4179,288723,129697,479437,26106,61113
106,RAJASTHAN,Dhaulpur,1206516,653647,552869,683098,523212,273296,1330,96086,58626,214670,9504,24561
107,RAJASTHAN,Karauli,1458248,783639,674609,805849,628726,364355,1059,132079,59308,305047,13045,28296
108,RAJASTHAN,Sawai Madhopur,1335551,704031,631520,741748,578068,353321,1887,140947,71264,282057,14310,40116
109,RAJASTHAN,Dausa,1634409,857787,776622,938051,684495,420694,1719,195277,59610,361084,14539,35600
110,RAJASTHAN,Jaipur,6626178,3468507,3157671,4300965,2464893,1732679,76565,990085,977838,754841,182350,570997
111,RAJASTHAN,Sikar,2677333,1374990,1302343,1652117,1006504,705834,5647,339457,178274,527560,28382,131342
112,RAJASTHAN,Nagaur,3307743,1696325,1611418,1758624,1425882,842201,4449,347344,166489,675712,35328,97267
113,RAJASTHAN,Jodhpur,3687165,1923928,1763237,2031532,1489741,891657,19335,408808,307442,584215,54808,197135
114,RAJASTHAN,Jaisalmer,669919,361708,308211,308653,288903,189947,754,43141,30830,159117,7416,12431
115,RAJASTHAN,Barmer,2603751,1369022,1234729,1188322,1202482,598805,2766,126494,55980,542825,37730,39580
116,RAJASTHAN,Jalor,1828730,936634,892096,829582,896644,467418,1585,161845,48202,419216,12794,39745
117,RAJASTHAN,Sirohi,1036346,534231,502115,476806,419829,308174,2146,134089,69639,238535,10297,47182
118,RAJASTHAN,Pali,2037573,1025422,1012151,1085693,842327,652717,4043,326793,139808,512909,19270,94821
119,RAJASTHAN,Ajmer,2583052,1324085,1258967,1526673,1053722,684254,13499,393498,274919,409335,41732,171799
120,RAJASTHAN,Tonk,1421326,728136,693190,749659,649161,380666,1908,158264,81755,298911,12482,32359
121,RAJASTHAN,Bundi,1110906,577160,533746,585044,526091,303288,1392,136969,63452,239836,7705,33406
122,RAJASTHAN,Bhilwara,2408523,1220736,1187787,1256126,1148165,675880,6207,373644,145865,530015,24014,93768
123,RAJASTHAN,Rajsamand,1156597,581339,575258,619139,550831,365676,1989,193276,61054,304622,9222,36073
124,RAJASTHAN,Dungarpur,1388552,696532,692020,681591,641515,354363,1477,141275,31547,322816,11742,26351
125,RAJASTHAN,Banswara,1797485,907754,889731,829343,916574,429844,2324,120603,39407,390437,15062,34189
126,RAJASTHAN,Chittaurgarh,1544338,783171,761167,821825,802755,455653,4941,268172,88873,366780,16560,59190
127,RAJASTHAN,Kota,1951014,1021161,929853,1298345,748811,515189,12843,339899,311735,203454,36297,165563
128,RAJASTHAN,Baran,1222755,633945,588810,693307,552583,318988,1363,161310,69804,249184,9491,32685
129,RAJASTHAN,Jhalawar,1411129,725143,685986,739792,685950,362387,1750,220428,63763,298624,9403,38909
130,RAJASTHAN,Udaipur,3068420,1566801,1501619,1582629,1365783,848218,14211,357846,182769,665449,48517,128320
131,RAJASTHAN,Pratapgarh,867848,437744,430104,401515,481294,234082,716,71612,24269,209813,5961,17984
132,UTTAR PRADESH,Saharanpur,3466382,1834106,1632276,2077108,1037344,889238,9699,404499,284156,605082,38816,149035
133,UTTAR PRADESH,Muzaffarnagar,4143512,2193434,1950078,2417339,1291644,969850,10077,368153,296104,673746,56149,147785
134,UTTAR PRADESH,Bijnor,3682713,1921215,1761498,2135393,1088036,908523,7303,268353,224648,683875,37341,128042
135,UTTAR PRADESH,Moradabad,4772006,2503186,2268820,2263848,1417811,1047916,11690,281758,355518,692398,61846,179473
136,UTTAR PRADESH,Rampur,2335819,1223889,1111930,1043666,737261,539992,3847,131112,143217,396775,25960,62281
137,UTTAR PRADESH,Jyotiba Phule Nagar,1840221,963449,876772,983110,599089,451374,2825,89329,115486,335888,18303,55064
138,UTTAR PRADESH,Meerut,3443689,1825743,1617946,2141488,1090539,803823,23717,425624,422303,381520,69473,236071
139,UTTAR PRADESH,Baghpat,1303048,700070,602978,797970,416695,316046,2989,119121,69991,246055,19999,44732
140,UTTAR PRADESH,Ghaziabad,4681645,2488834,2192811,3123264,1520538,1191723,78116,695130,836316,355407,179552,501592
141,UTTAR PRADESH,Gautam Buddha Nagar,1648115,890214,757901,1122947,569109,509770,53181,257586,338935,170835,87188,193902
142,UTTAR PRADESH,Bulandshahr,3499171,1845260,1653911,2031656,1173260,880077,7865,223922,221628,658449,38225,124641
143,UTTAR PRADESH,Aligarh,3673889,1951996,1721893,2092567,1174361,858059,13634,268120,275942,582117,58336,153283
144,UTTAR PRADESH,Mahamaya Nagar,1564708,836127,728581,942572,484115,373033,3087,134579,84883,288150,18621,48911
145,UTTAR PRADESH,Mathura,2547184,1367125,1180059,1507746,840939,585290,8726,281239,177802,407488,37596,107867
146,UTTAR PRADESH,Agra,4418797,2364953,2053844,2680510,1389844,903823,27183,536402,406852,496971,82012,251013
147,UTTAR PRADESH,Firozabad,2498156,1332046,1166110,1521806,761521,535368,5834,196080,185621,349747,31797,100919
148,UTTAR PRADESH,Mainpuri,1868529,993377,875152,1203885,560840,411258,2642,79022,72783,338475,24451,43074
149,UTTAR PRADESH,Budaun,3681896,1967759,1714137,1547477,1107343,867624,3634,110177,156668,710956,30423,62863
150,UTTAR PRADESH,Bareilly,4448359,2357665,2090694,2191759,1401971,994411,15164,272830,362798,631613,56575,210687
151,UTTAR PRADESH,Pilibhit,2031007,1072002,959005,1061095,618605,461390,2870,83006,89638,371752,18097,47723
152,UTTAR PRADESH,Shahjahanpur,3006538,1606403,1400135,1490930,892214,655003,3889,115163,134714,520289,27533,91958
153,UTTAR PRADESH,Kheri,4021243,2123187,1898056,2034044,1264718,862610,3402,122761,107672,754938,29252,86948
154,UTTAR PRADESH,Sitapur,4483992,2375264,2108728,2283733,1422602,938902,3874,102040,111319,827583,34609,74072
155,UTTAR PRADESH,Hardoi,4092845,2191442,1901403,2221601,1318946,907677,3845,95508,121064,786613,32065,60689
156,UTTAR PRADESH,Unnao,3108367,1630087,1478280,1773584,1124744,717356,3476,99466,121039,596317,28719,70484
157,UTTAR PRADESH,Lucknow,4589838,2394476,2195362,3127260,1542806,1061721,68506,582769,717566,344155,152257,469747
158,UTTAR PRADESH,Rae Bareli,3405559,1752542,1653017,1965843,1204710,778418,5184,247856,73393,705025,34788,65080
159,UTTAR PRADESH,Farrukhabad,1885204,1006240,878964,1092677,592267,411490,2624,88081,94843,316647,18733,59209
160,UTTAR PRADESH,Kannauj,1656616,881776,774840,1017087,524676,365770,2488,61491,65985,299785,18082,32510
161,UTTAR PRADESH,Etawah,1581810,845856,735954,1062003,506072,351126,2964,113098,85483,265643,21506,47520
162,UTTAR PRADESH,Auraiya,1379545,740040,639505,930836,442023,314274,2404,65479,58438,255836,14279,32687
163,UTTAR PRADESH,Kanpur Dehat,1796184,963255,832929,1170243,628864,405256,2682,49753,41323,363933,25354,23831
164,UTTAR PRADESH,Kanpur Nagar,4581268,2459806,2121462,3243022,1572232,1049775,33966,517271,684906,364869,93296,421694
165,UTTAR PRADESH,Jalaun,1689974,906092,783882,1075196,620764,396421,2217,104176,91565,304856,18615,42616
166,UTTAR PRADESH,Jhansi,1998603,1057436,941167,1304513,814914,504913,8517,183340,195321,309592,40774,94342
167,UTTAR PRADESH,Lalitpur,1221592,641011,580581,641191,503351,301832,1079,77082,43819,258013,9906,20720
168,UTTAR PRADESH,Hamirpur,1104285,593537,510748,653299,443655,311381,1196,55929,55300,256081,11037,20175
169,UTTAR PRADESH,Mahoba,875958,466358,409600,488106,349676,246823,1316,42936,48525,198298,11298,12874
170,UTTAR PRADESH,Banda,1799410,965876,833534,1002937,701689,445625,1655,73522,67569,378056,18612,26907
171,UTTAR PRADESH,Chitrakoot,991730,527721,464009,531072,394197,230795,827,41046,23558,207237,9437,11637
172,UTTAR PRADESH,Fatehpur,2632733,1384722,1248011,1512166,1063929,636540,3385,75263,77733,558807,33501,43492
173,UTTAR PRADESH,Pratapgarh,3209141,1606085,1603056,1931559,1066601,752786,5149,140538,41701,711085,34400,46358
174,UTTAR PRADESH,Kaushambi,1599596,838485,761111,813424,639086,380620,1503,43753,30764,349856,15029,22034
175,UTTAR PRADESH,Allahabad,5954391,3131807,2822584,3665727,2111907,1248570,24122,391542,265304,983266,85491,204357
176,UTTAR PRADESH,Bara Banki,3260699,1707073,1553626,1692458,1192850,714908,3159,108116,79068,635840,26293,60554
177,UTTAR PRADESH,Faizabad,2470996,1259628,1211368,1450901,831209,589666,4746,127754,79288,510378,28625,58328
178,UTTAR PRADESH,Ambedkar Nagar,2397888,1212410,1185478,1486939,787398,566590,2509,99581,65031,501559,27308,21512
179,UTTAR PRADESH,Sultanpur,3797117,1914586,1882531,2239902,1242632,889628,5956,233701,49891,839737,44008,55055
180,UTTAR PRADESH,Bahraich,3487731,1843884,1643847,1398368,1152160,760262,2681,85814,61742,698520,35463,38940
181,UTTAR PRADESH,Shrawasti,1117361,593897,523464,423313,403755,257274,624,20419,8504,248770,10074,4828
182,UTTAR PRADESH,Balrampur,2148665,1114721,1033944,868357,760253,445838,1551,57400,35768,410070,15510,16229
183,UTTAR PRADESH,Gonda,3433919,1787146,1646773,1679994,1170552,726372,4313,104084,52794,673578,31811,45517
184,UTTAR PRADESH,Siddharthnagar,2559297,1295095,1264202,1228926,878898,513513,2434,93088,33348,480165,24662,25883
185,UTTAR PRADESH,Basti,2464464,1255272,1209192,1393783,783688,545025,3423,108101,31065,513960,30244,37593
186,UTTAR PRADESH,Sant Kabir Nagar,1715183,869656,845527,954949,539469,352151,2031,79525,27179,324972,19729,17671
187,UTTAR PRADESH,Mahrajganj,2684703,1381754,1302949,1419144,994253,607079,2694,91844,34033,573046,27339,23647
188,UTTAR PRADESH,Gorakhpur,4440895,2277777,2163118,2700328,1351629,951128,14597,296619,189170,761958,65360,149727
189,UTTAR PRADESH,Kushinagar,3564544,1818055,1746489,1954820,1116973,785099,3486,127331,42775,742324,35931,29304
190,UTTAR PRADESH,Deoria,3100946,1537436,1563510,1875239,876246,665706,4469,150001,67928,597778,36068,60348
191,UTTAR PRADESH,Azamgarh,4613913,2285004,2328909,2771917,1372032,971458,6652,183381,80434,891024,47324,49699
192,UTTAR PRADESH,Mau,2205968,1114709,1091259,1363044,696747,451528,2656,149908,99321,352207,26716,40087
193,UTTAR PRADESH,Ballia,3239774,1672902,1566872,1963590,1019483,629381,4672,119972,64454,564927,42969,62157
194,UTTAR PRADESH,Jaunpur,4494204,2220465,2273739,2731677,1437375,1006670,8002,181467,80582,926088,52398,56508
195,UTTAR PRADESH,Ghazipur,3620268,1855075,1765193,2197549,1204602,761640,5309,105767,61467,700173,50180,36798
196,UTTAR PRADESH,Chandauli,1952756,1017905,934851,1174606,652543,395759,3492,99602,50822,344937,20762,32433
197,UTTAR PRADESH,Varanasi,3676841,1921857,1754984,2403903,1220708,755064,19214,336056,316129,438935,57583,202055
198,UTTAR PRADESH,Sant Ravidas Nagar (Bhadohi),1578213,807099,771114,910146,470608,339507,2896,83220,45997,293510,16198,23178
199,UTTAR PRADESH,Mirzapur,2496970,1312302,1184668,1428683,881996,543115,4447,145997,77963,465152,24518,43500
200,UTTAR PRADESH,Sonbhadra,1862559,971344,891215,985708,730399,428088,5149,95582,91040,337048,25220,40467
201,UTTAR PRADESH,Etah,1774480,947339,827141,1055202,545984,401998,2635,69591,67752,334246,19712,37027
202,UTTAR PRADESH,Kanshiram Nagar,1436719,764165,672554,724850,472765,343724,1623,50405,72490,271234,13109,26849
203,BIHAR,Pashchim Champaran,3935042,2061110,1873932,1759481,1478947,936134,3495,57546,96620,839514,41143,38414
204,BIHAR,Purba Champaran,5099371,2681209,2418162,2276957,1737539,1243825,7719,74979,101565,1142260,70258,52358
205,BIHAR,Sheohar,656246,346673,309573,283698,216372,166000,478,10004,7516,158484,6698,3983
206,BIHAR,Sitamarhi,3423574,1803252,1620322,1436794,1114583,856964,3460,66263,49670,807294,42461,39465
207,BIHAR,Madhubani,4487379,2329313,2158066,2155338,1636938,1088786,5319,113281,41234,1047552,65548,47090
208,BIHAR,Supaul,2229076,1155283,1073793,1033283,877682,600102,1845,51028,27815,572287,25078,12111
209,BIHAR,Araria,2811569,1463333,1348236,1195768,1069893,703274,2561,43290,44213,659061,29796,17004
210,BIHAR,Kishanganj,1690400,866970,823430,745056,529064,445150,1093,58718,43357,401793,14073,11715
211,BIHAR,Purnia,3264619,1699370,1565249,1332326,1143318,798596,4170,86058,85749,712847,33664,33688
212,BIHAR,Katihar,3071029,1600430,1470599,1280190,1013566,738070,2941,60900,69838,668232,27263,32570
213,BIHAR,Madhepura,2001762,1047559,954203,834577,777546,510278,1397,23236,24000,486278,23309,12302
214,BIHAR,Saharsa,1900661,997174,903487,804996,649898,470697,1668,41342,38046,432651,19415,21651
215,BIHAR,Darbhanga,3937385,2059949,1877436,1816634,1223640,1002713,6280,127442,95539,907174,53205,59510
216,BIHAR,Muzaffarpur,4801062,2527497,2273565,2509232,1547586,1119394,10290,180651,120700,998694,73012,87796
217,BIHAR,Gopalganj,2562012,1267666,1294346,1382998,728201,554058,3707,69375,38133,515925,33596,31193
218,BIHAR,Siwan,3330464,1675090,1655374,1930175,932416,674372,3834,52935,41858,632514,37833,42384
219,BIHAR,Saran,3951862,2022821,1929041,2157454,1040231,777622,4509,94787,76299,701323,37442,51822
220,BIHAR,Vaishali,3495021,1844535,1650486,1926740,1060344,750811,4810,70001,51494,699317,39564,47300
221,BIHAR,Samastipur,4261566,2230003,2031563,2142880,1343400,1056465,5379,88021,43486,1012979,50918,46123
222,BIHAR,Begusarai,2970541,1567660,1402881,1548673,938182,733625,4644,120373,139248,594377,43127,49493
223,BIHAR,Khagaria,1666886,883786,783100,768028,560805,394703,1580,40641,21007,373696,21654,15401
224,BIHAR,Bhagalpur,3037766,1615663,1422103,1573066,983528,653161,6764,174534,130634,522527,46929,63241
225,BIHAR,Banka,2034763,1067140,967623,965321,771080,444096,1704,62359,18492,425604,22300,15459
226,BIHAR,Munger,1367765,729041,638724,801817,426658,308063,2653,90461,85782,222281,17946,49141
227,BIHAR,Lakhisarai,1000912,526345,474567,507270,326576,207645,1186,44491,31763,175882,8862,12938
228,BIHAR,Sheikhpura,636342,329743,306599,328676,224655,132638,631,20065,24345,108293,8873,6803
229,BIHAR,Nalanda,2877653,1497060,1380593,1519933,1045420,616663,4156,101378,102522,514141,43848,43761
230,BIHAR,Patna,5838465,3078512,2759953,3459679,1881886,1210094,40692,546859,552103,657991,132582,321307
231,BIHAR,Bhojpur,2728407,1430380,1298027,1599151,822493,511927,3661,62153,77368,434559,34658,45763
232,BIHAR,Buxar,1706352,887977,818375,989807,538322,334657,1784,46760,35405,299252,19324,27362
233,BIHAR,Kaimur (Bhabua),1626384,847006,779378,920276,511163,340442,2100,52899,15299,325143,17223,12540
234,BIHAR,Rohtas,2959918,1543546,1416372,1799832,924879,608061,4594,114893,95678,512383,36279,41659
235,BIHAR,Aurangabad,2540073,1318684,1221389,1466002,837770,477297,2362,44456,49006,428291,31168,24106
236,BIHAR,Gaya,4391418,2266566,2124852,2297613,1664062,807571,6856,112617,111282,696289,57011,57738
237,BIHAR,Nawada,2219146,1144668,1074478,1091012,817041,424874,1841,31162,45323,379551,28411,20522
238,BIHAR,Jamui,1760405,916064,844341,858588,727571,356760,1839,32633,30851,325909,22414,12984
239,BIHAR,Jehanabad,1125313,585582,539731,618881,365378,214792,1106,27641,28132,186660,11302,15507
240,BIHAR,Arwal,700843,363497,337346,386351,236354,144294,413,2203,9960,134334,6378,4176
241,SIKKIM,North  District,43709,24730,18979,30450,23359,13609,116,7826,2066,11543,590,2343
242,SIKKIM,West District,136435,70238,66197,93432,70348,33977,286,25272,1886,32091,1956,5337
243,SIKKIM,South District,146850,76670,70180,106741,74753,39298,591,27587,8163,31135,2626,10021
244,SIKKIM,East District,283583,151432,132151,214329,139678,82138,3291,57893,41512,40626,9662,35170
245,ARUNACHAL PRADESH,Tawang,49977,29151,20826,26073,28561,13182,96,8635,2452,10730,494,3794
246,ARUNACHAL PRADESH,West Kameng,83947,46155,37792,48492,42493,24195,202,14188,6306,17889,887,7133
247,ARUNACHAL PRADESH,East Kameng,78690,38775,39915,38449,31710,19718,57,5318,5215,14503,885,3583
248,ARUNACHAL PRADESH,Papum Pare,176573,89182,87391,121048,65772,50488,2477,30539,30180,20308,7418,22966
249,ARUNACHAL PRADESH,Upper Subansiri,83448,41758,41690,45278,33370,19214,139,5373,4672,14542,750,3123
250,ARUNACHAL PRADESH,West Siang,112274,58168,54106,64746,49177,30775,303,14204,8503,22272,1300,6115
251,ARUNACHAL PRADESH,East Siang,99214,50116,49098,62576,40222,29021,450,14231,9524,19497,1582,4866
252,ARUNACHAL PRADESH,Upper Siang,35320,18699,16621,18195,17644,10751,97,6198,2182,8569,392,1504
253,ARUNACHAL PRADESH,Changlang,148226,76948,71278,73174,62966,39920,170,14593,6498,33422,1486,4762
254,ARUNACHAL PRADESH,Tirap,111975,57604,54371,47974,50169,24920,98,16026,6500,18420,888,3104
255,ARUNACHAL PRADESH,Lower Subansiri,83030,41843,41187,54057,30202,23477,381,12493,5365,18112,1598,4211
256,ARUNACHAL PRADESH,Kurung Kumey,92076,45318,46758,36606,38044,19695,95,3911,1092,18603,969,586
257,ARUNACHAL PRADESH,Dibang Valley,8004,4414,3590,4436,3555,3230,17,1074,1175,2055,133,605
258,ARUNACHAL PRADESH,Lower Dibang Valley,54080,28053,26027,31849,22326,15950,207,5932,3950,12000,742,3068
259,ARUNACHAL PRADESH,Lohit,145726,76221,69505,83062,60945,44971,312,17157,11372,33599,1471,6549
260,ARUNACHAL PRADESH,Anjaw,21167,11507,9660,9990,10501,6453,27,1949,428,6025,252,476
261,NAGALAND,Mon,250260,131753,118507,119626,147654,51022,178,14398,7415,43607,2844,1080
262,NAGALAND,Mokokchung,194622,101092,93530,159494,100067,55278,537,40154,17742,37536,2728,7236
263,NAGALAND,Zunheboto,140757,71217,69540,102881,79466,37311,261,28846,6044,31267,2008,1433
264,NAGALAND,Wokha,166343,84505,81838,128208,78412,46669,198,25268,8170,38499,1757,3228
265,NAGALAND,Dimapur,378811,197394,181417,278037,151350,111969,3303,71413,62853,49116,12077,42378
266,NAGALAND,Phek,163418,83743,79675,105893,80277,46198,170,36182,7295,38903,1558,2073
267,NAGALAND,Tuensang,196596,101933,94663,117511,98154,50141,155,24998,9451,40690,2251,773
268,NAGALAND,Longleng,50484,26502,23982,29859,30568,15137,37,6416,2451,12686,635,186
269,NAGALAND,Kiphire,74004,37830,36174,41232,31959,20322,47,14147,4290,16032,478,120
270,NAGALAND,Kohima,267988,138966,129022,197489,114825,76100,1928,50724,44255,31845,7982,20712
271,NAGALAND,Peren,95219,49714,45505,62204,61390,24277,121,13859,4073,20204,1414,605
272,MANIPUR,Senapati,479148,247323,231825,264477,233622,39834,256,22798,1826,38008,2170,2430
273,MANIPUR,Tamenglong,140651,72371,68280,85006,70675,28101,125,11541,4119,23982,1362,1229
274,MANIPUR,Churachandpur,274143,138820,135323,195935,122655,57825,837,29894,4853,52972,4496,13371
275,MANIPUR,Bishnupur,237399,118782,118617,156333,109937,56149,676,34364,21172,34977,3447,11393
276,MANIPUR,Thoubal,422168,210845,211323,269304,195319,104263,880,49507,38302,65961,5110,15994
277,MANIPUR,Imphal West,517992,255054,262938,392626,213387,136801,4913,87078,85746,51055,15066,61736
278,MANIPUR,Imphal East,456113,226094,230019,324664,194848,110941,2739,78663,46520,64421,9837,41213
279,MANIPUR,Ukhrul,183998,94718,89280,129829,87929,41890,276,14026,5806,36084,2437,1659
280,MANIPUR,Chandel,144182,74579,69603,90302,76238,34160,184,18764,3783,30377,1782,1424
281,MIZORAM,Mamit,86364,44828,41536,60191,39339,20855,90,12158,4129,16726,1073,4010
282,MIZORAM,Kolasib,83955,42918,41037,65895,36672,22176,367,14853,12507,9669,1986,8787
283,MIZORAM,Aizawl,400309,199270,201039,340595,174636,100911,4019,79804,80341,20570,21093,64710
284,MIZORAM,Champhai,125745,63388,62357,100802,60342,31112,186,23948,12717,18395,2263,9115
285,MIZORAM,Serchhip,64937,32851,32086,54476,32397,15490,131,12315,8018,7472,987,5511
286,MIZORAM,Lunglei,161428,82891,78537,121122,78292,38794,482,26394,17315,21479,3725,14037
287,MIZORAM,Lawngtlai,117894,60599,57295,62861,45566,27266,162,9283,5273,21993,1329,5213
288,MIZORAM,Saiha,56574,28594,27980,42233,19461,12827,168,7400,5784,7043,1194,4783
289,TRIPURA,West Tripura,1725739,879428,846311,1361354,698178,506637,6394,314567,217016,289621,36186,103228
290,TRIPURA,South Tripura,876001,447544,428457,646810,366845,264077,948,133744,44906,219171,10393,20246
291,TRIPURA,Dhalai,378230,194544,183686,276217,155831,103528,273,46875,14071,89457,5067,5532
292,TRIPURA,North Tripura,693947,352860,341087,520402,248667,192621,997,81601,42184,150437,10310,19631
293,MEGHALAYA,West Garo Hills,643291,324159,319132,358702,255693,157945,1630,51301,18594,139351,8872,10006
294,MEGHALAYA,East Garo Hills,317917,161223,156694,192147,126073,74216,288,24550,11518,62698,2368,1839
295,MEGHALAYA,South Garo Hills,142334,73170,69164,82062,53069,39643,179,10940,3713,35930,1625,482
296,MEGHALAYA,West Khasi Hills,383461,193715,189746,230678,163345,87131,149,32873,12299,74832,2462,476
297,MEGHALAYA,Ribhoi,258840,132531,126309,155859,106473,63724,291,30676,5736,57988,1906,2319
298,MEGHALAYA,East Khasi Hills,825922,410749,415173,578030,326786,215091,5032,135941,108843,106248,19306,41496
299,MEGHALAYA,Jaintia Hills,395124,196285,198839,187527,154180,83717,510,41677,7171,76546,4333,7150
300,ASSAM,Kokrajhar,887142,452905,434237,489305,341131,222011,1218,41373,17115,204896,14063,15089
301,ASSAM,Dhubri,1949258,997848,951410,922341,669819,521019,1828,72232,60417,460602,26263,28963
302,ASSAM,Goalpara,1008183,513292,494891,563577,362573,268114,1364,78641,39504,228610,13524,21455
303,ASSAM,Barpeta,1693622,867004,826618,897058,561824,499381,2078,84804,52192,447189,25286,50806
304,ASSAM,Morigaon,957423,486651,470772,539902,351148,257481,1421,52404,25275,232206,15145,20083
305,ASSAM,Nagaon,2823768,1439112,1384656,1710716,979998,799185,5121,195631,124186,674999,45956,89206
306,ASSAM,Sonitpur,1924110,983904,940206,1108572,770606,547853,4358,133368,64528,483325,31254,70047
307,ASSAM,Lakhimpur,1042137,529674,512463,683486,429995,327933,1948,60296,34694,293239,15011,32104
308,ASSAM,Dhemaji,686133,351249,334884,423028,316800,228262,1192,28195,16504,211758,10410,16547
309,ASSAM,Tinsukia,1327929,680231,647698,798322,557196,381614,5135,161718,90910,290704,27948,70471
310,ASSAM,Dibrugarh,1326335,676434,649901,884531,560557,377015,8817,136685,77163,299852,34479,76292
311,ASSAM,Sivasagar,1151050,589216,561834,813505,485717,405229,5146,123430,45047,360182,22124,61450
312,ASSAM,Jorhat,1092256,556805,535451,794929,498618,367154,5651,122063,80824,286330,26357,71639
313,ASSAM,Golaghat,1066888,543161,523727,721764,479928,327083,3073,82345,34190,292893,17636,40889
314,ASSAM,Karbi Anglong,956313,490167,466146,557214,383441,252876,1923,53918,37185,215691,11340,18763
315,ASSAM,Dima Hasao,214102,110802,103300,140873,85028,58919,524,19389,21309,37610,3753,9202
316,ASSAM,Cachar,1736617,886284,850333,1174128,608062,435160,5316,140205,88933,346227,37541,62135
317,ASSAM,Karimganj,1228686,625864,602822,795297,399171,294640,1933,70951,32695,261945,24699,28261
318,ASSAM,Hailakandi,659296,337890,321406,407366,214240,175417,1211,44143,16202,159215,10615,11035
319,ASSAM,Bongaigaon,738804,375818,362986,434078,255806,220393,2523,49866,38470,181923,12959,29937
320,ASSAM,Chirang,482162,244860,237302,259902,193894,140631,747,22502,11613,129018,8627,8135
321,ASSAM,Kamrup,1517542,778461,739081,995319,628954,434445,3109,122191,43849,390596,23468,70272
322,ASSAM,Kamrup Metropolitan,1253938,647585,606353,1001191,490932,428192,29117,250861,366858,61334,85123,223368
323,ASSAM,Nalbari,771639,396006,375633,531771,267623,238944,1631,68313,28238,210706,12360,37849
324,ASSAM,Baksa,950075,481330,468745,572837,406756,295221,1175,44425,3580,291641,13566,11281
325,ASSAM,Darrang,928500,475273,453227,487039,324843,288706,1166,45444,20189,268517,12084,17676
326,ASSAM,Udalguri,831668,421617,410051,469926,345030,281625,1448,53507,13835,267790,11893,13666
327,WEST BENGAL,Darjiling,1846823,937259,909564,1315585,683726,518959,10943,297176,215675,303284,38065,141897
328,WEST BENGAL,Jalpaiguri,3872846,1983064,1889782,2498780,1512910,1117804,9322,382500,319426,798378,48818,138522
329,WEST BENGAL,Koch Bihar,2819086,1451542,1367544,1850504,1127977,900738,3534,186195,97331,803407,34438,49914
330,WEST BENGAL,Uttar Dinajpur,3007134,1551066,1456068,1489667,1075626,778250,2883,199307,94269,683981,31210,39138
331,WEST BENGAL,Dakshin Dinajpur,1676276,857199,819077,1083685,702987,461026,2518,168069,70077,390949,24318,37186
332,WEST BENGAL,Maldah,3988845,2051541,1937304,2086432,1537847,958996,5357,297716,128678,830318,63525,54213
333,WEST BENGAL,Murshidabad,7103807,3627564,3476243,4055834,2589907,1851965,7951,541169,350899,1501066,79729,92742
334,WEST BENGAL,Birbhum,3502404,1790920,1711484,2158447,1331603,965609,5210,333752,134565,831044,39636,57010
335,WEST BENGAL,Barddhaman,7717563,3966889,3750674,5247208,2911251,2227236,32323,1049943,862368,1364868,141387,292585
336,WEST BENGAL,Nadia,5167600,2653768,2513832,3480555,1842607,1549771,12787,623729,468390,1081381,77210,168314
337,WEST BENGAL,North Twenty Four Parganas,10009781,5119389,4890392,7608693,3571624,2859140,105185,1608749,1649803,1209337,307381,791267
338,WEST BENGAL,Hugli,5519145,2814653,2704492,4078388,2152870,1640038,31725,965258,647953,992085,118459,319815
339,WEST BENGAL,Bankura,3596674,1838095,1758579,2232992,1466220,991400,4273,334670,90885,900515,34128,45126
340,WEST BENGAL,Puruliya,2930115,1496996,1433119,1624905,1249642,752652,3551,189889,99433,653219,32862,30675
341,WEST BENGAL,Haora,4850029,2500819,2349210,3605206,1819845,1352697,30751,796953,869313,483384,99261,325053
342,WEST BENGAL,Kolkata,4496694,2356766,2139928,3588137,1795740,1308106,136618,927602,1308106,0,252644,623579
343,WEST BENGAL,South Twenty Four Parganas,8161961,4173778,3988183,5531657,2964494,2180232,20665,837874,611430,1568802,115871,232355
344,WEST BENGAL,Paschim Medinipur,5913457,3007885,2905572,4078412,2509159,1565383,8970,663811,201048,1364335,62108,108068
345,WEST BENGAL,Purba Medinipur,5095875,2629834,2466041,3923194,1910320,1363713,9076,530761,170707,1193006,67707,55834
346,JHARKHAND,Garhwa,1322784,683575,639209,653476,571431,292052,565,29373,19180,272872,8881,6798
347,JHARKHAND,Chatra,1042886,533935,508951,510061,397690,215502,590,27037,14528,200974,9115,5307
348,JHARKHAND,Kodarma,716259,367222,349037,390249,257418,151485,845,62318,34771,116714,7195,11810
349,JHARKHAND,Giridih,2445474,1258098,1187376,1253475,1036277,499450,1944,125431,46886,452564,19976,16909
350,JHARKHAND,Deoghar,1492073,775022,717051,793538,551467,321710,1944,130193,64337,257373,13550,26760
351,JHARKHAND,Godda,1313551,677927,635624,604519,552191,292030,874,43230,15576,276454,11925,7421
352,JHARKHAND,Sahibganj,1150567,589391,561176,483263,490202,260993,591,34879,37543,223450,9563,11545
353,JHARKHAND,Pakur,900422,452661,447761,352881,404584,217175,328,31414,16587,200588,4535,5316
354,JHARKHAND,Dhanbad,2684487,1405956,1278531,1722204,844504,664219,11568,427173,405455,258764,46646,83995
355,JHARKHAND,Bokaro,2062330,1072807,989523,1273520,685368,508764,9754,274726,258452,250312,37997,67157
356,JHARKHAND,Lohardaga,461790,232629,229161,259707,221332,111484,351,28769,14725,96759,2954,8016
357,JHARKHAND,Purbi Singhbhum,2293919,1176902,1117017,1507699,837167,604663,22042,382507,342126,262537,63985,159644
358,JHARKHAND,Palamu,1939869,1006302,933567,1024563,713175,407904,2155,68238,52375,355529,19981,17270
359,JHARKHAND,Latehar,726978,369666,357312,350682,313379,160514,340,38194,14137,146377,6240,2177
360,JHARKHAND,Hazaribagh,1734495,890881,843614,1013249,654636,381748,3532,176888,68765,312983,18181,23057
361,JHARKHAND,Ramgarh,949443,494230,455213,596497,312125,252625,2876,149265,118558,134067,12021,24095
362,JHARKHAND,Dumka,1321442,668514,652928,672409,624779,326978,1193,62110,23281,303697,10396,11836
363,JHARKHAND,Jamtara,791042,404830,386212,426312,326631,185668,808,49419,20113,165555,4959,5564
364,JHARKHAND,Ranchi,2914253,1494937,1419316,1911433,1142867,730982,22538,350908,310242,420740,76565,164237
365,JHARKHAND,Khunti,531885,266335,265550,284575,259984,135719,417,29157,12474,123245,4747,3779
366,JHARKHAND,Gumla,1025213,514390,510823,559720,487508,233074,831,31687,16445,216629,7807,9108
367,JHARKHAND,Simdega,599578,300309,299269,343483,288645,155283,423,16865,11114,144169,4649,3472
368,JHARKHAND,Pashchimi Singhbhum,1502338,749385,752953,727561,694863,400324,1959,121955,63396,336928,12472,19441
369,JHARKHAND,Saraikela-Kharsawan,1065056,544411,520645,612993,430051,285687,2606,138131,68439,217248,12081,26118
370,ORISSA,Bargarh,1481255,749161,732094,983783,762092,458961,2401,166909,47395,411566,12343,16880
371,ORISSA,Jharsuguda,579505,296690,282815,405879,247707,177186,2498,81433,73962,103224,7555,18950
372,ORISSA,Sambalpur,1041099,526877,514222,703691,505840,315495,5231,126498,94798,220697,14521,33612
373,ORISSA,Debagarh,312520,158230,154290,197819,165435,98758,825,22453,7350,91408,3247,2236
374,ORISSA,Sundargarh,2093437,1061147,1032290,1342322,873227,618062,12787,223537,230151,387911,35024,77581
375,ORISSA,Kendujhar,1801733,906487,895246,1052518,766514,574298,2622,121830,83664,490634,13167,30240
376,ORISSA,Mayurbhanj,2519738,1256213,1263525,1369397,1223534,753589,2950,140189,64479,689110,17999,29031
377,ORISSA,Baleshwar,2320529,1185787,1134742,1621232,932707,683594,7370,296834,82440,601154,28289,36478
378,ORISSA,Bhadrak,1506337,760260,746077,1094140,468599,428106,2637,164636,54244,373862,15609,15864
379,ORISSA,Kendrapara,1440361,717814,722547,1089265,466890,438243,1628,173107,23494,414749,11836,15879
380,ORISSA,Jagatsinghapur,1136971,577865,559106,889027,403649,352732,3199,139646,43047,309685,13312,20225
381,ORISSA,Cuttack,2624470,1352760,1271710,2011469,936365,790297,15046,349587,210768,579529,40589,103177
382,ORISSA,Jajapur,1827192,926034,901158,1290455,552234,541139,3831,192249,45528,495611,17922,25969
383,ORISSA,Dhenkanal,1192811,612593,580218,829910,435533,352369,1810,117172,36979,315390,10600,19846
384,ORISSA,Anugul,1273821,655718,618103,869456,526520,414587,5564,131916,74177,340410,15658,27099
385,ORISSA,Nayagarh,962789,502636,460153,688362,343633,288334,1163,124984,26688,261646,8278,11159
386,ORISSA,Khordha,2251673,1167137,1084536,1749936,792193,688729,35701,349860,356895,331834,75588,160277
387,ORISSA,Puri,1698730,865380,833350,1291939,621676,474224,3416,201605,72210,402014,16006,33331
388,ORISSA,Ganjam,3529031,1779218,1749813,2210050,1501772,1015394,9049,405298,219918,795476,41059,120191
389,ORISSA,Gajapati,577817,282882,294935,262537,293933,175145,635,63112,23050,152095,5523,12035
390,ORISSA,Kandhamal,733110,359945,373165,399786,355349,242935,768,28736,24489,218446,6609,6938
391,ORISSA,Baudh,441162,221625,219537,271612,219457,137954,245,19191,6577,131377,3430,3105
392,ORISSA,Subarnapur,610183,311312,298871,398421,286661,193502,708,50028,16575,176927,4289,5168
393,ORISSA,Balangir,1648997,830097,818900,927260,720601,538962,3286,123446,62192,476770,17274,21268
394,ORISSA,Nuapada,610382,301962,308420,299383,305438,209127,757,43976,11869,197258,4221,6414
395,ORISSA,Kalahandi,1576869,787101,789768,802036,751930,494748,1953,91171,38412,456336,12622,17610
396,ORISSA,Rayagada,967911,471960,495951,407735,467122,286548,1553,61543,49205,237343,9166,24924
397,ORISSA,Nabarangapur,1220946,604812,616134,470379,610906,372264,1324,34570,29424,342840,8128,9347
398,ORISSA,Koraput,1379647,678809,700838,568090,693406,460128,3988,85766,78339,381789,17294,39631
399,ORISSA,Malkangiri,613192,303624,309568,244706,310666,183723,448,24604,15839,167884,3908,4738
400,CHHATTISGARH,Koriya,658917,334737,324180,397823,307071,181615,1667,80023,59763,121852,7609,25605
401,CHHATTISGARH,Surguja,2359886,1193129,1166757,1187941,1155807,590763,2737,253131,65167,525596,18983,29433
402,CHHATTISGARH,Jashpur,851669,424747,426922,495415,487360,226392,567,76783,20722,205670,5755,6628
403,CHHATTISGARH,Raigarh,1493984,750278,743706,951639,690167,420916,3342,297308,66638,354278,13857,27771
404,CHHATTISGARH,Korba,1206640,612915,593725,748759,521186,332653,4544,202380,126055,206598,18004,43357
405,CHHATTISGARH,Janjgir - Champa,1619707,815717,803990,1019634,846466,440773,1706,339090,61190,379583,10833,19129
406,CHHATTISGARH,Bilaspur,2663629,1351574,1312055,1596560,1203197,737806,8566,519704,188174,549632,30892,77727
407,CHHATTISGARH,Kabeerdham,822526,412058,410468,414167,404156,211179,682,150649,23868,187311,2962,6375
408,CHHATTISGARH,Rajnandgaon,1537133,762855,774278,1008379,800092,390132,2111,275501,76528,313604,11790,26486
409,CHHATTISGARH,Durg,3343872,1682101,1661771,2303378,1496805,883189,16141,614109,349741,533448,51289,129193
410,CHHATTISGARH,Raipur,4063872,2048186,2015686,2629749,1757664,1068500,20261,728556,395001,673499,59523,166505
411,CHHATTISGARH,Mahasamund,1032754,511967,520787,637963,499260,310567,961,212487,35774,274793,5614,13200
412,CHHATTISGARH,Dhamtari,799781,397897,401884,546833,402895,210481,1016,148926,41792,168689,4804,14568
413,CHHATTISGARH,Uttar Bastar Kanker,748941,373338,375603,456042,389359,194069,579,110208,24878,169191,4084,7736
414,CHHATTISGARH,Bastar,1413199,698487,714712,650863,726531,371319,1782,157646,54894,316425,9042,22075
415,CHHATTISGARH,Narayanpur,139820,70104,69716,56621,71089,33095,86,9316,6179,26916,589,1384
416,CHHATTISGARH,Dakshin Bastar Dantewada,533638,264142,269496,191237,286595,137849,955,43608,31304,106545,3879,10406
417,CHHATTISGARH,Bijapur,255230,128663,126567,86919,134525,58391,117,12516,7942,50449,1462,1022
418,MADHYA PRADESH,Sheopur,687861,361784,326077,328025,277455,176522,273,74770,26376,150146,5393,11701
419,MADHYA PRADESH,Morena,1965970,1068417,897553,1179685,675993,414586,1781,131486,95288,319298,20172,45113
420,MADHYA PRADESH,Bhind,1703005,926843,776162,1094917,520768,359596,1166,107819,88385,271211,14368,32268
421,MADHYA PRADESH,Gwalior,2032036,1090327,941709,1357210,685311,444892,15779,306859,272172,172720,46454,165061
422,MADHYA PRADESH,Datia,786754,420157,366597,491445,321160,203854,616,97696,43401,160453,5251,17555
423,MADHYA PRADESH,Shivpuri,1726050,919795,806255,900846,759281,434618,1852,148128,66759,367859,15304,35706
424,MADHYA PRADESH,Tikamgarh,1445166,760355,684811,747940,655318,382992,1090,132725,60220,322772,10899,21489
425,MADHYA PRADESH,Chhatarpur,1762375,936121,826254,943033,751797,470917,1880,176056,95048,375869,15567,36506
426,MADHYA PRADESH,Panna,1016520,533480,483040,552559,431998,288923,653,76097,32179,256744,8501,13285
427,MADHYA PRADESH,Sagar,2378458,1256257,1122201,1545719,1006035,613915,4546,366494,165507,448408,24811,68482
428,MADHYA PRADESH,Damoh,1264219,661873,602346,747715,574595,369901,1432,187731,66514,303387,10504,23270
429,MADHYA PRADESH,Satna,2228935,1157495,1071440,1371781,911349,576004,3754,294702,114173,461831,22751,55196
430,MADHYA PRADESH,Rewa,2365106,1225100,1140006,1441757,991946,618399,3406,251132,94489,523910,31194,45180
431,MADHYA PRADESH,Umaria,644758,330674,314084,356672,289691,168066,839,67975,29966,138100,6360,12713
432,MADHYA PRADESH,Neemuch,826067,422653,403414,508834,418682,242197,1945,145258,67962,174235,8342,34666
433,MADHYA PRADESH,Mandsaur,1340411,682851,657560,834591,679723,384119,2324,239885,81832,302287,12507,47723
434,MADHYA PRADESH,Ratlam,1455069,738241,716828,825880,690980,373867,3644,213825,107151,266716,14905,67830
435,MADHYA PRADESH,Ujjain,1986864,1016289,970575,1240990,897442,489449,7501,323379,188684,300765,27733,123526
436,MADHYA PRADESH,Shajapur,1512681,780520,732161,894612,717871,386608,1382,232735,73997,312611,10797,32204
437,MADHYA PRADESH,Dewas,1563715,805359,758356,925369,742676,376009,3518,270457,101014,274995,16523,59521
438,MADHYA PRADESH,Dhar,2185793,1112725,1073068,1077338,1027974,515712,2388,349639,103364,412348,18626,75637
439,MADHYA PRADESH,Indore,3276697,1699627,1577070,2309130,1268195,788318,48691,593576,587947,200371,111478,417170
440,MADHYA PRADESH,Khargone (West Nimar),1873046,953121,919925,986234,894119,460163,2162,304291,76620,383543,14189,51538
441,MADHYA PRADESH,Barwani,1385881,699340,686541,549926,653897,299270,1158,181139,48912,250358,8516,30115
442,MADHYA PRADESH,Rajgarh,1545814,790212,755602,804245,745603,401717,1611,231130,69823,331894,12718,30688
443,MADHYA PRADESH,Vidisha,1458875,769568,689307,862918,550402,376409,1926,181510,83830,292579,12888,41617
444,MADHYA PRADESH,Bhopal,2371061,1236130,1134931,1660690,867457,700719,40788,452912,581826,118893,94729,281442
445,MADHYA PRADESH,Sehore,1311332,683743,627589,780362,586087,329647,1566,212138,59220,270427,11166,30868
446,MADHYA PRADESH,Raisen,1331597,700358,631239,820220,517838,325713,1141,194373,74441,251272,9931,34499
447,MADHYA PRADESH,Betul,1575362,799236,776126,939769,786980,406649,2109,230974,87704,318945,13755,45270
448,MADHYA PRADESH,Harda,570465,294838,275627,352550,230979,144559,986,95066,31845,112714,5376,22174
449,MADHYA PRADESH,Hoshangabad,1241350,648725,592625,810644,478082,315396,2871,198076,105746,209650,14456,61415
450,MADHYA PRADESH,Katni,1292042,662013,630029,790773,543874,349031,2179,172416,72880,276151,13094,38086
451,MADHYA PRADESH,Jabalpur,2463289,1277278,1186011,1756468,1005624,624761,20443,452023,352477,272284,58601,192581
452,MADHYA PRADESH,Narsimhapur,1091854,568810,523044,718785,477818,283718,1603,172144,53059,230659,9751,28462
453,MADHYA PRADESH,Dindori,704524,351913,352611,378714,389925,227795,554,62372,9774,218021,6447,4576
454,MADHYA PRADESH,Mandla,1054905,525272,529633,604962,559649,316932,912,143803,37258,279674,9042,18413
455,MADHYA PRADESH,Chhindwara,2090922,1064468,1026454,1294198,957984,553944,3588,344875,140802,413142,20034,73284
456,MADHYA PRADESH,Seoni,1379131,695879,683252,864194,684434,382587,1182,228695,47542,335045,10417,26893
457,MADHYA PRADESH,Balaghat,1701698,842178,859520,1147623,893014,470867,1712,277927,70793,400074,13306,27283
458,MADHYA PRADESH,Guna,1241519,649362,592157,653980,514897,285085,2482,144248,72320,212765,11740,34184
459,MADHYA PRADESH,Ashoknagar,845071,443837,401234,469109,315270,206741,619,84720,37135,169606,6016,15886
460,MADHYA PRADESH,Shahdol,1066063,540021,526042,604194,493057,291440,1733,113184,57846,233594,10817,24255
461,MADHYA PRADESH,Anuppur,749237,379114,370123,436595,346471,207713,1290,81338,60325,147388,7266,23388
462,MADHYA PRADESH,Sidhi,1127033,575912,551121,600785,461760,276869,837,102228,25916,250953,10790,9569
463,MADHYA PRADESH,Singrauli,1178273,613637,564636,585054,499439,287325,2627,73091,58593,228732,13939,22141
464,MADHYA PRADESH,Jhabua,1025048,515023,510025,352081,515121,235793,744,125411,24713,211080,5591,16683
465,MADHYA PRADESH,Alirajpur,728999,362542,366457,209754,366797,150528,297,81006,14662,135866,5126,9021
466,MADHYA PRADESH,Khandwa (East Nimar),1310061,674329,635732,731615,612976,329088,1907,202710,63425,265663,10404,40893
467,MADHYA PRADESH,Burhanpur,757847,388504,369343,408679,328339,178840,986,112420,62861,115979,5058,40478
468,GUJARAT,Kachchh,2092371,1096737,995634,1252319,776228,739275,9631,403294,250982,488293,31961,140067
469,GUJARAT,Banas Kantha,3120506,1610379,1510127,1704923,1248600,804197,3424,396873,137424,666773,23149,84832
470,GUJARAT,Patan,1343734,694397,649337,837913,554830,404138,2231,223424,102655,301483,12870,66310
471,GUJARAT,Mahesana,2035064,1056520,978544,1502645,812064,659743,7759,385609,183738,476005,33731,180985
472,GUJARAT,Sabar Kantha,2428589,1244231,1184358,1578734,1084878,665533,5262,438606,121509,544024,25425,99037
473,GUJARAT,Gandhinagar,1391753,723864,667889,1030494,534976,433258,12107,262539,195634,237624,33662,132683
474,GUJARAT,Ahmadabad,7214225,3788051,3426174,5435760,2594952,2198552,126341,1456046,1845383,353169,273651,965017
475,GUJARAT,Surendranagar,1756268,909917,846351,1093626,723500,500598,2975,302068,159810,340788,15309,77857
476,GUJARAT,Rajkot,3804558,1974445,1830113,2725056,1479050,1181006,21785,747352,721532,459474,67370,362140
477,GUJARAT,Jamnagar,2160119,1114192,1045927,1396534,847440,646325,11573,386538,299167,347158,30384,142974
478,GUJARAT,Porbandar,585449,300209,285240,393678,231169,183572,1653,117040,87557,96015,5639,41686
479,GUJARAT,Junagadh,2743082,1404356,1338726,1842818,1123709,776743,6628,498326,287506,489237,26991,144561
480,GUJARAT,Amreli,1514190,771049,743141,995459,657139,430613,2538,273331,116899,313714,12765,80378
481,GUJARAT,Bhavnagar,2880365,1490201,1390164,1887255,1150632,744077,7297,500757,356826,387251,28925,171327
482,GUJARAT,Anand,2092745,1087224,1005521,1551253,844794,621987,9902,378310,208909,413078,32523,147122
483,GUJARAT,Kheda,2299885,1185727,1114158,1660243,933983,622026,5710,372226,160547,461479,24502,99982
484,GUJARAT,Panch Mahals,2390776,1226961,1163815,1440805,1097507,567601,3456,398937,104238,463363,19753,59096
485,GUJARAT,Dohad,2127086,1068651,1058435,1007171,999124,376504,1733,241117,52807,323697,13497,28030
486,GUJARAT,Vadodara,4165626,2153736,2011890,2893080,1693473,1240425,53606,798277,692971,547454,117818,411734
487,GUJARAT,Narmada,590297,301086,289211,370336,294795,160369,576,101940,22248,138121,4081,12997
488,GUJARAT,Bharuch,1551019,805707,745312,1118276,627124,481996,10257,309091,181319,300677,29531,121542
489,GUJARAT,The Dangs,228291,113821,114470,140968,118257,59618,137,29794,7516,52102,1393,2029
490,GUJARAT,Navsari,1329672,678165,651507,1001909,591834,409156,6726,267679,141417,267739,24397,114620
491,GUJARAT,Valsad,1705678,887222,818456,1170657,743245,498391,11020,329218,235981,262410,31285,137209
492,GUJARAT,Surat,6081322,3402224,2679098,4571410,2553542,1899838,55694,1252452,1529998,369840,149331,815423
493,GUJARAT,Tapi,807022,402188,404834,490036,450902,218489,1601,142370,26217,192272,7567,27759
494,DAMAN AND DIU,Diu,52074,25642,26432,38058,15750,18850,368,10575,9062,9788,1055,6177
495,DAMAN AND DIU,Daman,191173,124659,66514,150348,105521,71079,1316,49249,61073,10006,4543,25844
496,DADRA AND NAGAR HAVELI,Dadra AND Nagar Haveli,343709,193760,149949,223230,157161,108783,2013,69558,60562,48221,6017,29101
497,MAHARASHTRA,Nandurbar,1648295,833170,815125,906509,792065,405012,2579,186202,71572,333440,17047,54335
498,MAHARASHTRA,Dhule,2050862,1054031,996831,1293916,936370,528790,6065,315332,146013,382777,27139,126138
499,MAHARASHTRA,Jalgaon,4229917,2197365,2032552,2891882,1863571,1169788,14297,720791,373565,796223,56775,350029
500,MAHARASHTRA,Buldana,2586258,1337560,1248698,1879874,1219641,728192,4767,423036,152787,575405,24877,103898
501,MAHARASHTRA,Akola,1813906,932334,881572,1411281,768154,504235,6163,314490,196077,308158,24232,107463
502,MAHARASHTRA,Washim,1197160,620302,576858,869917,569792,330846,1875,196022,55921,274925,10757,36840
503,MAHARASHTRA,Amravati,2888445,1480768,1407677,2251875,1236322,781815,9438,512492,272894,508921,36185,175917
504,MAHARASHTRA,Wardha,1300774,668385,632389,1019458,608235,388704,4313,266155,120218,268486,16260,114029
505,MAHARASHTRA,Nagpur,4653570,2384975,2268595,3673808,1868560,1308366,57964,917626,877522,430844,135750,599780
506,MAHARASHTRA,Bhandara,1200334,605520,594814,899860,597305,356418,2932,227025,72575,283843,13165,55948
507,MAHARASHTRA,Gondiya,1322507,661554,660953,1004243,665419,386515,2866,239981,66813,319702,13595,38044
508,MAHARASHTRA,Gadchiroli,1072942,541328,531614,708365,584237,330840,1663,145459,37254,293586,11064,31014
509,MAHARASHTRA,Chandrapur,2204307,1123834,1080473,1578615,1058172,684655,8239,418666,233331,451324,31419,172661
510,MAHARASHTRA,Yavatmal,2772348,1419965,1352383,2022574,1355999,798132,6094,446516,168889,629243,29917,134500
511,MAHARASHTRA,Nanded,3361292,1730075,1631217,2189425,1493953,821682,7548,488748,230563,591119,43055,116284
512,MAHARASHTRA,Hingoli,1177345,606294,571051,790743,569182,284369,1221,159114,41913,242456,9676,27700
513,MAHARASHTRA,Parbhani,1836086,942870,893216,1157814,822797,427239,3982,272486,133759,293480,21196,59272
514,MAHARASHTRA,Jalna,1959046,1011473,947573,1195523,930886,502830,3791,288895,98084,404746,17236,60219
515,MAHARASHTRA,Aurangabad,3701282,1924469,1776813,2503837,1575079,979132,23258,589477,427343,551789,69937,246324
516,MAHARASHTRA,Nashik,6107187,3157186,2950001,4345366,2763328,1668932,45039,904710,764271,904661,138887,536781
517,MAHARASHTRA,Thane,11060148,5865078,5195070,8227161,4492767,3618151,256170,2231800,2904157,713994,551643,1610460
518,MAHARASHTRA,Mumbai Suburban,9356962,5031323,4325639,7575485,3735021,3078829,404757,1964657,3078829,0,652946,1586946
519,MAHARASHTRA,Mumbai,3085411,1684608,1400803,2509022,1284396,1107321,121344,625927,1107321,0,204234,494883
520,MAHARASHTRA,Raigarh,2634200,1344345,1289855,1939994,1072969,959028,38570,547206,377160,581868,96301,328277
521,MAHARASHTRA,Pune,9429408,4924105,4505303,7171723,4048993,3222457,235018,1925019,2056739,1165718,490260,1410448
522,MAHARASHTRA,Ahmadnagar,4543159,2342825,2200334,3151890,2204590,1323404,18370,677592,282011,1041393,68902,300116
523,MAHARASHTRA,Bid,2585049,1349106,1235943,1718507,1255548,698571,5614,402052,135457,563114,29198,82098
524,MAHARASHTRA,Latur,2454196,1273140,1181056,1650672,1046857,585632,6217,381722,157016,428616,29758,96018
525,MAHARASHTRA,Osmanabad,1657576,861535,796041,1137810,773916,444990,3209,240042,77832,367158,18183,49180
526,MAHARASHTRA,Solapur,4317756,2227852,2089904,2910676,1898395,1156231,15145,595560,376302,779929,59296,248255
527,MAHARASHTRA,Satara,3003741,1510842,1492899,2225694,1354947,975471,14093,562653,200949,774522,57423,271186
528,MAHARASHTRA,Ratnagiri,1615069,761121,853948,1199392,714076,639362,7752,367352,100824,538538,31062,100860
529,MAHARASHTRA,Sindhudurg,849651,417332,432319,666067,347178,340836,3517,194228,44989,295847,15721,42540
530,MAHARASHTRA,Kolhapur,3876001,1980658,1895343,2825845,1704054,1179314,22269,770005,382818,796496,71879,340318
531,MAHARASHTRA,Sangli,2822143,1435728,1386415,2049467,1215104,853673,13212,485126,226801,626872,49056,227034
532,ANDHRA PRADESH,Adilabad,2741239,1369597,1371642,1483347,1323667,817714,5512,566108,220248,597466,45202,194954
533,ANDHRA PRADESH,Nizamabad,2551335,1250641,1300694,1389810,1261076,720298,5261,545913,155133,565165,35036,186740
534,ANDHRA PRADESH,Karimnagar,3776269,1880800,1895469,2206829,1876768,1165280,8831,926768,288044,877236,46584,344667
535,ANDHRA PRADESH,Medak,3033288,1523030,1510258,1637137,1442203,789132,8635,604719,195479,593653,47170,163074
536,ANDHRA PRADESH,Hyderabad,3943323,2018575,1924748,2892155,1413297,1066289,149034,869721,1066289,0,274653,581509
537,ANDHRA PRADESH,Rangareddy,5296741,2701008,2595733,3538028,2196078,1561322,142879,1211352,1129224,432098,291745,773246
538,ANDHRA PRADESH,Mahbubnagar,4053028,2050386,2002642,1940646,2082501,1010015,6153,757821,161052,848963,60812,136843
539,ANDHRA PRADESH,Nalgonda,3488809,1759772,1729037,2001019,1741693,1030937,7715,789225,197433,833504,53777,228818
540,ANDHRA PRADESH,Warangal,3512576,1759281,1753295,2065023,1705655,1046987,12952,828077,288249,758738,59006,237349
541,ANDHRA PRADESH,Khammam,2797370,1390988,1406382,1630234,1410062,870625,8628,668519,201363,669262,42171,219710
542,ANDHRA PRADESH,Srikakulam,2703114,1341738,1361376,1495381,1290288,902436,3988,615432,149684,752752,32280,149554
543,ANDHRA PRADESH,Vizianagaram,2344474,1161477,1182997,1238388,1157962,749514,4453,527736,157056,592458,24128,140361
544,ANDHRA PRADESH,Visakhapatnam,4290589,2138910,2151679,2568249,1889879,1379340,45492,1010250,660493,718847,124729,495389
545,ANDHRA PRADESH,East Godavari,5154296,2569688,2584608,3288577,2093681,1605841,22411,1297273,406362,1199479,93784,479914
546,ANDHRA PRADESH,West Godavari,3936966,1964918,1972048,2652389,1773112,1255628,12050,1017568,248373,1007255,55613,435334
547,ANDHRA PRADESH,Krishna,4517398,2267375,2250023,3009718,2048880,1476334,30438,1163932,567042,909292,101450,632890
548,ANDHRA PRADESH,Guntur,4887813,2440521,2447292,2960441,2381624,1582990,19383,1186028,513113,1069877,80434,648568
549,ANDHRA PRADESH,Prakasam,3397448,1714764,1682684,1904435,1700567,1087575,6151,763746,214089,873486,43611,290947
550,ANDHRA PRADESH,Sri Potti Sriramulu Nellore,2963557,1492974,1470583,1832189,1314561,953513,10201,696024,264376,689137,39583,233623
551,ANDHRA PRADESH,Y.S.R.,2882469,1451777,1430692,1716766,1320404,884093,6667,671764,293504,590589,39923,209532
552,ANDHRA PRADESH,Kurnool,4053463,2039227,2014236,2127161,2029425,1090835,10081,816721,306982,783853,56478,195001
553,ANDHRA PRADESH,Anantapur,4081148,2064495,2016653,2310960,2036166,1244428,8606,897970,341431,902997,48299,223016
554,ANDHRA PRADESH,Chittoor,4174064,2090204,2083860,2667878,1933357,1303870,13763,944555,395900,907970,67087,324406
555,KARNATAKA,Belgaum,4779661,2423063,2356598,3052032,2105668,1318975,17560,808827,356198,962777,73497,240742
556,KARNATAKA,Bagalkot,1889752,950111,939641,1113412,818081,490657,3745,301389,165858,324799,26297,49345
557,KARNATAKA,Bijapur,2177331,1111022,1066309,1248268,927722,527490,4987,326594,131041,396449,36571,58890
558,KARNATAKA,Bidar,1703300,870665,832635,1042673,702608,389403,3971,271439,102269,287134,36072,34924
559,KARNATAKA,Raichur,1928812,964511,964301,979769,903413,455848,5200,314547,125402,330446,33903,51443
560,KARNATAKA,Koppal,1389920,699926,689994,809085,654766,337649,2135,223166,64681,272968,15263,31673
561,KARNATAKA,Gadag,1064570,537147,527423,700177,495722,291972,3373,198064,111906,180066,15625,31959
562,KARNATAKA,Dharwad,1847023,937206,909817,1301664,784833,483104,15013,347962,283397,199707,49585,140584
563,KARNATAKA,Uttara Kannada,1437169,726256,710913,1081906,608526,474792,6129,290791,140511,334281,21501,88187
564,KARNATAKA,Haveri,1597668,819128,778540,1085443,730066,413564,2456,295937,98488,315076,17819,41517
565,KARNATAKA,Bellary,2452595,1236954,1215641,1421621,1116880,623480,9626,440374,251876,371604,40190,114040
566,KARNATAKA,Chitradurga,1659456,840843,818613,1087392,856587,447348,5711,307257,97644,349704,28897,60522
567,KARNATAKA,Davanagere,1945497,986400,959097,1308540,875207,530691,7320,372671,176011,354680,39416,100812
568,KARNATAKA,Shimoga,1752753,877415,875338,1263016,780598,554106,8791,363835,201662,352444,35207,128087
569,KARNATAKA,Udupi,1177361,562131,615230,926429,513241,385389,9070,224814,115572,269817,24817,83810
570,KARNATAKA,Chikmagalur,1137961,566622,571339,818345,565774,392426,4510,238505,80766,311660,18727,74534
571,KARNATAKA,Tumkur,2678980,1350594,1328386,1813391,1354646,890242,7971,562769,204799,685443,41751,116539
572,KARNATAKA,Bangalore,9621551,5022661,4598890,7512276,4246927,3267960,430880,2330631,2967384,300576,790103,1788912
573,KARNATAKA,Mandya,1805769,905085,900684,1149649,871408,562302,3367,391033,103435,458867,20265,80452
574,KARNATAKA,Hassan,1776421,883667,892754,1225256,903580,628981,4851,400702,132878,496103,23444,90599
575,KARNATAKA,Dakshina Kannada,2089649,1034714,1054935,1666323,997721,650292,23305,386300,317373,332919,55233,175270
576,KARNATAKA,Kodagu,554519,274608,279911,412877,278938,212974,3308,113931,31792,181182,10758,40958
577,KARNATAKA,Mysore,3001127,1511600,1489527,1962180,1314268,920982,28397,640868,380386,540596,80086,273706
578,KARNATAKA,Chamarajanagar,1020791,512231,508560,565279,481693,319880,1334,212156,57200,262680,11863,40944
579,KARNATAKA,Gulbarga,2566326,1301755,1264571,1427368,1087028,600007,9752,404767,199303,400704,52483,77334
580,KARNATAKA,Yadgir,1174271,590329,583942,510003,547696,262995,1410,156222,55208,207787,13216,18978
581,KARNATAKA,Kolar,1536401,776396,760005,1016219,717872,477609,5051,309494,151042,326567,27235,72407
582,KARNATAKA,Chikkaballapura,1255104,636437,618667,783222,639778,409702,2672,257243,94053,315649,17360,50936
583,KARNATAKA,Bangalore Rural,990923,509172,481751,688749,459891,326462,3729,214253,95410,231052,17066,77454
584,KARNATAKA,Ramanagara,1082636,548008,534628,674758,531459,351784,2844,238926,84834,266950,18003,46872
585,GOA,North Goa,818008,416677,401331,663060,327658,325089,23440,173951,209230,115859,56266,132612
586,GOA,South Goa,640537,322463,318074,502427,249590,251493,17624,138810,162873,88620,44299,102191
587,LAKSHADWEEP,Lakshadweep,64473,33123,31350,52553,18753,21242,327,10669,15953,5289,1501,1779
588,KERALA,Kasaragod,1307375,628613,678762,1037492,462998,417805,10378,237670,166164,251641,32484,74092
589,KERALA,Kannur,2523003,1181446,1341557,2138434,824116,872479,32653,511167,566191,306288,83940,115356
590,KERALA,Wayanad,817420,401684,415736,645585,340077,277988,4712,149864,11805,266183,15944,23028
591,KERALA,Kozhikode,3086293,1470942,1615351,2615443,948981,990336,36791,641660,666543,323793,107602,145558
592,KERALA,Malappuram,4112920,1960328,2152592,3311315,1062424,1157129,27909,730119,522586,634543,119918,139994
593,KERALA,Palakkad,2809934,1359478,1450456,2239492,1042340,894341,27162,587583,228442,665899,69440,178386
594,KERALA,Thrissur,3121200,1480763,1640437,2678548,1095727,1051867,56148,721625,715119,336748,132774,338350
595,KERALA,Ernakulam,3282388,1619557,1662831,2855676,1249343,1174691,88737,771287,804997,369694,184167,499291
596,KERALA,Idukki,1108974,552808,556166,923010,516363,412433,8250,244844,20823,391610,24863,54626
597,KERALA,Kottayam,1974551,968289,1006262,1749798,735735,678161,37849,464039,196194,481967,83999,187213
598,KERALA,Alappuzha,2127789,1013142,1114647,1852797,804471,723536,28842,507913,392117,331419,71593,274392
599,KERALA,Pathanamthitta,1197412,561716,635696,1062553,392794,472840,21015,302296,57848,414992,49466,128889
600,KERALA,Kollam,2635375,1246968,1388407,2240273,912025,925130,31542,630767,401415,523715,83133,263148
601,KERALA,Thiruvananthapuram,3301427,1581678,1719749,2785408,1231669,1169117,71621,783872,609824,559293,155321,343590
602,TAMIL NADU,Thiruvallur,3728104,1876062,1852042,2791721,1538054,1119433,75634,909400,732196,387237,174279,621907
603,TAMIL NADU,Chennai,4646732,2335844,2310888,3776276,1817297,1314125,217368,1096334,1314125,0,355838,910262
604,TAMIL NADU,Kancheepuram,3998252,2012958,1985294,3013382,1673814,1213504,100322,961161,774705,438799,200738,622095
605,TAMIL NADU,Vellore,3936331,1961688,1974643,2773928,1689330,1140300,20623,865913,486801,653499,69912,417535
606,TAMIL NADU,Tiruvannamalai,2464875,1235889,1228986,1626813,1238177,710163,6445,549077,147061,563102,27529,176242
607,TAMIL NADU,Viluppuram,3458873,1740819,1718054,2195776,1703249,967314,8472,748444,159272,808042,43311,228172
608,TAMIL NADU,Salem,3482056,1781571,1700485,2285562,1694160,1170352,20660,835377,597539,572813,63867,448968
609,TAMIL NADU,Namakkal,1726601,869280,857321,1176131,898245,627484,8960,441044,257127,370357,31581,265276
610,TAMIL NADU,Erode,2251744,1129868,1121876,1492662,1195773,843684,18604,595211,432398,411286,58861,371015
611,TAMIL NADU,The Nilgiris,735394,360143,375251,569647,349974,264105,4561,180261,151979,112126,17935,86277
612,TAMIL NADU,Dindigul,2159775,1080938,1078837,1481834,1105155,713542,9155,500057,269724,443818,38677,209640
613,TAMIL NADU,Karur,1064493,528184,536309,727044,543298,364661,4915,264949,152420,212241,17995,135831
614,TAMIL NADU,Tiruchirappalli,2722290,1352284,1370006,2038981,1213979,875727,30046,651621,423020,452707,79588,333478
615,TAMIL NADU,Perambalur,565223,282157,283066,375823,299726,188592,1507,135751,33179,155413,7745,49390
616,TAMIL NADU,Ariyalur,754894,374703,380191,480604,359851,254277,1749,177502,30322,223955,8371,39642
617,TAMIL NADU,Cuddalore,2605914,1311697,1294217,1815281,1169880,758209,15396,598412,260780,497429,50938,244610
618,TAMIL NADU,Nagapattinam,1616450,798127,818323,1213008,671994,517740,5585,381940,118724,399016,19692,143846
619,TAMIL NADU,Thiruvarur,1264277,626693,637584,946471,540168,408179,4416,303114,86848,321331,15535,109580
620,TAMIL NADU,Thanjavur,2405890,1182416,1223474,1790998,974079,753372,13495,555582,274302,479070,42912,223044
621,TAMIL NADU,Pudukkottai,1618345,803188,815157,1110545,761693,503941,4494,354493,104229,399712,18272,82967
622,TAMIL NADU,Sivaganga,1339101,668672,670429,959744,620171,452417,5773,314270,143193,309224,24456,113822
623,TAMIL NADU,Madurai,3038252,1526475,1511777,2273430,1354632,1010441,34097,754141,592723,417718,95311,391821
624,TAMIL NADU,Theni,1245899,625683,620216,870080,591642,410623,4667,312310,221295,189328,18830,147529
625,TAMIL NADU,Virudhunagar,1942288,967709,974579,1398788,950158,734724,10219,505950,370942,363782,37357,235005
626,TAMIL NADU,Ramanathapuram,1353445,682658,670787,978946,602977,417239,5172,291400,126761,290478,22379,100484
627,TAMIL NADU,Thoothukkudi,1750176,865021,885155,1349697,748095,636739,11455,437916,300661,336078,35791,200616
628,TAMIL NADU,Tirunelveli,3077233,1520912,1556321,2273457,1436454,1064667,19070,779130,516705,547962,63590,361760
629,TAMIL NADU,Kanniyakumari,1870374,926345,944029,1548738,679620,598041,15673,465692,493788,104253,52943,199188
630,TAMIL NADU,Dharmapuri,1506843,774303,732540,917709,751170,487926,3651,337972,91107,396819,18927,104785
631,TAMIL NADU,Krishnagiri,1879809,960232,919577,1187958,877779,580540,9619,409237,142552,437988,38239,151246
632,TAMIL NADU,Coimbatore,3458045,1729297,1728748,2635907,1567950,1169752,63273,896325,884957,284795,149920,675153
633,TAMIL NADU,Tiruppur,2479052,1246159,1232893,1760566,1266137,894908,17181,655073,538022,356886,55311,463530
634,PONDICHERRY,Yanam,55626,27301,28325,39274,16760,15519,207,12859,15519,0,597,10399
635,PONDICHERRY,PONDICHERRY,950289,468258,482031,726649,348105,291037,15437,226316,203741,87296,34007,170120
636,PONDICHERRY,Mahe,41816,19143,22673,36470,11802,12110,574,7150,12110,0,1484,3632
637,PONDICHERRY,Karaikal,200222,97809,102413,154916,68301,69333,1868,47880,33715,35618,4870,28366
638,ANDAMAN AND NICOBAR ISLANDS,Nicobars,36842,20727,16115,25332,17125,15958,57,9301,0,15958,230,3644
639,ANDAMAN AND NICOBAR ISLANDS,North  AND Middle Andaman,105597,54861,50736,78683,38579,40185,388,18641,1094,39091,1193,5897
640,ANDAMAN AND NICOBAR ISLANDS,South Andaman,238142,127283,110859,190266,96831,85532,2789,52479,50631,34901,6771,31998
